/**
 * Ionize 0.9.6
 * "Handmade" theme example data
 * These data are provided as demo content for the template "HandMade"
 *
 */


--
-- Base DATA
--
UPDATE `setting` SET content='hand_made' WHERE name='theme';
UPDATE `setting` SET content='width,96,true,true' WHERE name='thumb_small';
UPDATE `setting` SET content='Hand Made' WHERE name='site_title';
UPDATE `setting` SET content='mootools-filemanager' WHERE name='filemanager';
UPDATE `setting` SET content='120' WHERE name='media_thumb_size';

INSERT INTO `setting` VALUES ('', 'thumb_medium', 'width,510,false,false', NULL);
INSERT INTO `setting` VALUES ('', 'meta_keywords', 'Système de gestion de contenu, CMS', 'fr');
INSERT INTO `setting` VALUES ('', 'meta_description', 'HandMade, thème Ionize', 'fr');
INSERT INTO `setting` VALUES ('', 'meta_keywords', 'Content Management System, CMS', 'en');
INSERT INTO `setting` VALUES ('', 'meta_description', 'HandMade, an Ionize theme', 'en');

TRUNCATE `lang`;
INSERT INTO `lang` (`lang`, `name`, `online`, `def`, `ordering`) VALUES('en', 'english', '1', '1', 1);
INSERT INTO `lang` (`lang`, `name`, `online`, `def`, `ordering`) VALUES('fr', 'français', '0', '0', 2);


-- 
-- Article
-- 
TRUNCATE `article`;
INSERT INTO `article` (`id_article`, `name`, `author`, `updater`, `created`, `publish_on`, `publish_off`, `updated`, `indexed`, `id_category`, `comment_allow`, `comment_autovalid`, `comment_expire`, `link`, `link_type`, `link_id`, `id_type`, `flag`) VALUES(4, 'welcome', '', '', '2009-09-26 13:30:07', '0000-00-00 00:00:00', '0000-00-00 00:00:00', '2009-10-23 22:38:04', 1, 0, '0', '0', '0000-00-00 00:00:00', NULL, NULL, NULL, NULL, 0);
INSERT INTO `article` (`id_article`, `name`, `author`, `updater`, `created`, `publish_on`, `publish_off`, `updated`, `indexed`, `id_category`, `comment_allow`, `comment_autovalid`, `comment_expire`, `link`, `link_type`, `link_id`, `id_type`, `flag`) VALUES(26, 'vues-des-poles', '', 'michelange', '2009-10-19 15:00:36', '0000-00-00 00:00:00', '0000-00-00 00:00:00', '2010-09-11 13:11:27', 1, 0, '', '', '0000-00-00 00:00:00', '', '', 0, 0, 0);
INSERT INTO `article` (`id_article`, `name`, `author`, `updater`, `created`, `publish_on`, `publish_off`, `updated`, `indexed`, `id_category`, `comment_allow`, `comment_autovalid`, `comment_expire`, `link`, `link_type`, `link_id`, `id_type`, `flag`) VALUES(27, 'la-balade-de-john-et-yoko', '', '', '2009-10-19 15:03:43', '0000-00-00 00:00:00', '0000-00-00 00:00:00', '2010-03-14 21:58:31', 1, 0, '0', '0', '0000-00-00 00:00:00', NULL, NULL, NULL, NULL, 0);
INSERT INTO `article` (`id_article`, `name`, `author`, `updater`, `created`, `publish_on`, `publish_off`, `updated`, `indexed`, `id_category`, `comment_allow`, `comment_autovalid`, `comment_expire`, `link`, `link_type`, `link_id`, `id_type`, `flag`) VALUES(28, 'fiac-2009-paris', '', 'michelange', '2009-10-23 15:32:57', '0000-00-00 00:00:00', '0000-00-00 00:00:00', '2010-09-11 12:14:59', 1, 0, '', '', '0000-00-00 00:00:00', '', '', 0, 0, 0);
INSERT INTO `article` (`id_article`, `name`, `author`, `updater`, `created`, `publish_on`, `publish_off`, `updated`, `indexed`, `id_category`, `comment_allow`, `comment_autovalid`, `comment_expire`, `link`, `link_type`, `link_id`, `id_type`, `flag`) VALUES(29, 'polar-bear-habitat', '', '', '2009-10-23 18:21:55', '0000-00-00 00:00:00', '0000-00-00 00:00:00', '2010-03-14 21:57:48', 1, 0, '0', '0', '0000-00-00 00:00:00', NULL, NULL, NULL, NULL, 0);
INSERT INTO `article` (`id_article`, `name`, `author`, `updater`, `created`, `publish_on`, `publish_off`, `updated`, `indexed`, `id_category`, `comment_allow`, `comment_autovalid`, `comment_expire`, `link`, `link_type`, `link_id`, `id_type`, `flag`) VALUES(30, 'song-of-the-monk', '', '', '2009-10-23 18:47:17', '0000-00-00 00:00:00', '0000-00-00 00:00:00', '2010-03-14 21:57:40', 1, 0, '0', '0', '0000-00-00 00:00:00', NULL, NULL, NULL, NULL, 0);
INSERT INTO `article` (`id_article`, `name`, `author`, `updater`, `created`, `publish_on`, `publish_off`, `updated`, `indexed`, `id_category`, `comment_allow`, `comment_autovalid`, `comment_expire`, `link`, `link_type`, `link_id`, `id_type`, `flag`) VALUES(31, 'ionize-introduction', '', 'michelange', '2009-10-23 18:51:33', '0000-00-00 00:00:00', '0000-00-00 00:00:00', '2010-09-11 11:08:39', 1, 0, '', '', '0000-00-00 00:00:00', '', '', 0, 0, 0);
INSERT INTO `article` (`id_article`, `name`, `author`, `updater`, `created`, `publish_on`, `publish_off`, `updated`, `indexed`, `id_category`, `comment_allow`, `comment_autovalid`, `comment_expire`, `link`, `link_type`, `link_id`, `id_type`, `flag`) VALUES(32, 'userguide-intro', '', '', '2009-10-23 20:09:11', '0000-00-00 00:00:00', '0000-00-00 00:00:00', '2009-10-23 20:42:51', 1, 0, '0', '0', '0000-00-00 00:00:00', NULL, NULL, NULL, NULL, 0);
INSERT INTO `article` (`id_article`, `name`, `author`, `updater`, `created`, `publish_on`, `publish_off`, `updated`, `indexed`, `id_category`, `comment_allow`, `comment_autovalid`, `comment_expire`, `link`, `link_type`, `link_id`, `id_type`, `flag`) VALUES(33, 'technical-guide', '', '', '2009-10-23 20:09:42', '0000-00-00 00:00:00', '0000-00-00 00:00:00', '2009-10-23 20:43:12', 1, 0, '0', '0', '0000-00-00 00:00:00', NULL, NULL, NULL, NULL, 0);
INSERT INTO `article` (`id_article`, `name`, `author`, `updater`, `created`, `publish_on`, `publish_off`, `updated`, `indexed`, `id_category`, `comment_allow`, `comment_autovalid`, `comment_expire`, `link`, `link_type`, `link_id`, `id_type`, `flag`) VALUES(34, '404', '', '', '2010-09-07 16:30:35', '0000-00-00 00:00:00', '0000-00-00 00:00:00', '2010-09-07 16:30:50', 1, 0, '', '', '0000-00-00 00:00:00', '', '', 0, 0, 0);
INSERT INTO `article` (`id_article`, `name`, `author`, `updater`, `created`, `publish_on`, `publish_off`, `updated`, `indexed`, `id_category`, `comment_allow`, `comment_autovalid`, `comment_expire`, `link`, `link_type`, `link_id`, `id_type`, `flag`) VALUES(35, 'chercher-sur-le-site', 'michelange', 'michelange', '2010-09-08 09:31:41', '0000-00-00 00:00:00', '0000-00-00 00:00:00', '2010-09-10 22:47:53', 1, 0, '', '', '0000-00-00 00:00:00', '', '', 0, 0, 0);
INSERT INTO `article` (`id_article`, `name`, `author`, `updater`, `created`, `publish_on`, `publish_off`, `updated`, `indexed`, `id_category`, `comment_allow`, `comment_autovalid`, `comment_expire`, `link`, `link_type`, `link_id`, `id_type`, `flag`) VALUES(36, 'projet-game-over', 'michelange', 'michelange', '2010-09-11 12:07:09', '0000-00-00 00:00:00', '0000-00-00 00:00:00', '2010-09-11 15:37:34', 1, 0, '', '', '0000-00-00 00:00:00', '', '', 0, 0, 0);
INSERT INTO `article` (`id_article`, `name`, `author`, `updater`, `created`, `publish_on`, `publish_off`, `updated`, `indexed`, `id_category`, `comment_allow`, `comment_autovalid`, `comment_expire`, `link`, `link_type`, `link_id`, `id_type`, `flag`) VALUES(37, 'les-enceintes-magiques-de-david-murray', 'michelange', 'michelange', '2010-09-11 12:26:20', '0000-00-00 00:00:00', '0000-00-00 00:00:00', '2010-09-11 12:27:36', 1, 0, '', '', '0000-00-00 00:00:00', '', '', 0, 0, 0);


-- 
-- Article_category
-- 

INSERT INTO `article_category` (`id_article`, `id_category`) VALUES(27, 2);
INSERT INTO `article_category` (`id_article`, `id_category`) VALUES(30, 2);
INSERT INTO `article_category` (`id_article`, `id_category`) VALUES(29, 4);
INSERT INTO `article_category` (`id_article`, `id_category`) VALUES(28, 3);
INSERT INTO `article_category` (`id_article`, `id_category`) VALUES(26, 4);
INSERT INTO `article_category` (`id_article`, `id_category`) VALUES(26, 2);
INSERT INTO `article_category` (`id_article`, `id_category`) VALUES(36, 2);


-- 
-- Article_lang
-- 

TRUNCATE `article_lang`;
INSERT INTO `article_lang` (`id_article`, `lang`, `url`, `link`, `title`, `subtitle`, `meta_title`, `summary`, `content`, `meta_keywords`, `meta_description`, `online`) VALUES(4, 'en', 'welcome', '', 'HandMade, Ionize demo', '', '', NULL, '<p>Welcome on this Ionize démonstration website.</p><p>This theme is anly given as simple example of what can be done with Ionize.</p><p>All the text content of the demo website comes from news websites and is just used to illustrate what you can do with Ionize.</p><p> </p>', NULL, NULL, 1);
INSERT INTO `article_lang` (`id_article`, `lang`, `url`, `link`, `title`, `subtitle`, `meta_title`, `summary`, `content`, `meta_keywords`, `meta_description`, `online`) VALUES(4, 'fr', 'bienvenue', '', 'HandMade, démonstration Ionize', '', '', NULL, '<p>Bienvenue sur le thème de démonstration de Ionize.</p><p>Ces templates sont uniquement fournis dans un but pédagogique, afin de vous familiariser avec les possibilités de Ionize.</p><p>Les contenus textes de ce site sont tirés de sites d''information et ne sont utilisé qu''en qualité d''illustration.</p>', NULL, NULL, 1);
INSERT INTO `article_lang` (`id_article`, `lang`, `url`, `link`, `title`, `subtitle`, `meta_title`, `summary`, `content`, `meta_keywords`, `meta_description`, `online`) VALUES(26, 'en', 'vues-des-poles', '', '', '', '', NULL, '', NULL, NULL, 0);
INSERT INTO `article_lang` (`id_article`, `lang`, `url`, `link`, `title`, `subtitle`, `meta_title`, `summary`, `content`, `meta_keywords`, `meta_description`, `online`) VALUES(26, 'fr', 'vues-des-poles', '', 'Vues des pôles', '', '', NULL, '<p>L''année polaire internationale, dont c''était en 2008 la 4e édition depuis 1883, a mobilisé plusieurs milliers de scientifiques de 60 pays.</p>\n<p>Un concours photo organisé par l''Institut polaire IPEV (www.institut-polaire.fr), le CNRS et la Cité des Sciences et de l''Industrie a permis de recueillir des témoignages sur la recherche dans ces terres extrêmes.</p>\n<p>Libération.fr présente la sélection des 20 meilleurs clichés.</p>\n<p>URL originelle : http://www.liberation.fr/terre/1101652-vues-des-poles-des-scientifiques-derriere-l-objectif</p>', NULL, NULL, 1);
INSERT INTO `article_lang` (`id_article`, `lang`, `url`, `link`, `title`, `subtitle`, `meta_title`, `summary`, `content`, `meta_keywords`, `meta_description`, `online`) VALUES(27, 'en', 'la-balade-de-john-et-yoko', '', '', '', '', NULL, '', NULL, NULL, 0);
INSERT INTO `article_lang` (`id_article`, `lang`, `url`, `link`, `title`, `subtitle`, `meta_title`, `summary`, `content`, `meta_keywords`, `meta_description`, `online`) VALUES(27, 'fr', 'la-balade-de-john-et-yoko', '', 'John et Yoko', '', '', NULL, '<p>Le Marché Biron à Saint-Ouen présente une exposition de 100 photographies du couple mythique John Lennon et Yoko Ono prises par Henry Pessar lors de leur passage à Paris en 1969. <strong>Jusqu''au 25 octobre 2009</strong>.</p>\n<p>Le fonds exceptionnel des 100 photos d''Henry Pessar constitue un témoignage d''un des tournants de la vie de John Lennon. L''une des photos prises par Henry Pessar a d''ailleurs été publiée en exclusivité pour illustrer le mariage de John Lennon et de Yoko Ono, prononcé dans l''intimité et incognito à Gibraltar le 20 mars 1969.</p>\n<p>Lennon et Ono, Le talent d''Henry Pessar, photographe de stars pour Paris Match, fait de cette exposition l''un des événements artistiques de la rentrée ! Lors du week-end d''inauguration de l''exposition, du 9 au 11 octobre, la musique des Beatles et de John Lennon sera diffusée dans tout le marché Biron afin de happer le public dans l''univers du plus célèbre groupe du monde.</p>\n<p>Le vernissage de l''exposition aura lieu le vendredi 9 octobre, jour d''inauguration du Mondial de l''Antiquité. L''exposition se prolongera jusqu''au lundi 25 octobre 2009 et sera ouverte au public les samedis, dimanches et lundis.</p>\n<p>Marché Biron - Puces de St Ouen<br />85 rue des Rosiers ou entrée avenue Michelet<br />93400 Saint Ouen</p>\n<p>Quelques clichés issues de l''exposition :</p>', NULL, NULL, 1);
INSERT INTO `article_lang` (`id_article`, `lang`, `url`, `link`, `title`, `subtitle`, `meta_title`, `summary`, `content`, `meta_keywords`, `meta_description`, `online`) VALUES(28, 'en', 'fiac-2009-paris', '', '', '', '', NULL, '', NULL, NULL, 0);
INSERT INTO `article_lang` (`id_article`, `lang`, `url`, `link`, `title`, `subtitle`, `meta_title`, `summary`, `content`, `meta_keywords`, `meta_description`, `online`) VALUES(28, 'fr', 'fiac-2009-paris', '', 'FIAC 2009 Paris', '', '', NULL, '<p>La 36e Foire Internationale d''Art Contemporain a ouvert ses portes jeudi au Grand Palais et à la Cour carrée du Louvre.</p>\n<p>Elle rassemble 198 galeries d''art moderne, d''art contemporain et 6 galeries de design, venues de 21 pays. Jusqu''au 25 octobre. Petit aperçu de ce qu''on peut y voir.</p>', NULL, NULL, 1);
INSERT INTO `article_lang` (`id_article`, `lang`, `url`, `link`, `title`, `subtitle`, `meta_title`, `summary`, `content`, `meta_keywords`, `meta_description`, `online`) VALUES(29, 'en', 'polar-bear-habitat', '', 'Polar Bear Habitat', '', '', NULL, '<p>The Interior Department on Thursday proposed designating more than 200,000 square miles of land, sea and ice along the northern coast of Alaska as critical habitat for the shrinking polar bear population.</p>\n<p>The area, the largest single designation of protected habitat for any species, encompasses the entire range of the two polar bear populations that exist on American land and territorial waters. Government scientists estimate that there are roughly 3,500 bears in the two groups, known the Chukchi Sea and the Southern Beaufort Sea populations.</p>\n<p>Officials said the bears’ range was shrinking because of the disappearance of sea ice linked to global warming.</p>\n<p>Original article on : http://www.nytimes.com/2009/10/23/science/earth/23bear.html?_r=1&amp;ref=science</p>', NULL, NULL, 1);
INSERT INTO `article_lang` (`id_article`, `lang`, `url`, `link`, `title`, `subtitle`, `meta_title`, `summary`, `content`, `meta_keywords`, `meta_description`, `online`) VALUES(29, 'fr', 'polar-bear-habitat', '', '', '', '', NULL, '', NULL, NULL, 0);
INSERT INTO `article_lang` (`id_article`, `lang`, `url`, `link`, `title`, `subtitle`, `meta_title`, `summary`, `content`, `meta_keywords`, `meta_description`, `online`) VALUES(30, 'en', 'song-of-the-monk', '', 'Song of the Monk and the Monkey ', '', '', NULL, '<p>Ancient Paths, Modern Voices, Carnegie Hall’s three-week festival celebrating Chinese culture and its worldwide impact, may sound like a formidable, if intriguing, venture.</p>\n<p>To the delight of the audience that packed Zankel Hall on Wednesday night, the festival began joyously with an exhilarating, accessible performance by the Quanzhou Marionette Theater.</p>\n<p>Music permeates every genre of Chinese art and culture. The ancient roots of Chinese puppet theater and Peking Opera are intertwined.</p>\n<p>The 10 impressive puppeteers in the Quanzhou ensemble are also compelling singers. As they worked their puppets, they chanted Chinese tunes and songs, which sometimes spin in complex cyclic patterns, and spoke their dialogue in a singsong style that was hauntingly musical.</p>\n<p>Still, just watching the things that the fully visible puppeteers made their endearing marionettes do was amazing. In “Lantern Festival,” the grand finale, bands of puppet marchers danced and shimmied as they played tiny lutes, string instruments and drums, all perfectly coordinated to the wondrous ancient sounds from the human players in the highly skilled eight-piece instrumental ensemble.</p>\n<p>In “Drunken Zhong Kui” the title character, a scholar shunned by the emperor because he is so homely, has committed suicide and been sent to the underworld. There he is appointed the god of exorcism. Not only is the pudgy, scruffy-bearded Zhong Kui unattractive, he is a terrible drunk.</p>\n<p> </p>\n<p>At one point this marionette poured himself a glass of wine (which actually flowed from a little pitcher) and slurped it up. He then lifted the whole pitcher greedily to his lips and drank, drew his sword to slash at imaginary wicked people and collapsed in a drunken, snoring heap. To judge from the Quanzhou performance, New Yorkers who know little about Chinese arts should not assume that the festival’s programs will be culturally mystifying. Take the piece “The Young Monk Goes to Town,” which had the audience laughing through tears.</p>\n<p>Who wouldn’t fall for the rumpled hero, a happy-go-lucky monk, ordered by his master to travel to town and collect donations? As the monk ambles along, he says that everyone assumes from his big smile and chubby body that he is as jovial as a god. But life is hard in the temple, where he must clean the bathrooms and wash the feet of other monks. And he keeps mangling his prayers.</p>\n<p>As he travels, a terrible thunderstorm breaks out. He slips, falls in the mud and struggles to his feet, rubbing his sore back. But the rain and the bittersweet journey continue. End of story.</p>\n<p>Throughout the evening the musicians gave vibrant accounts of the songs, dances and incidental music, rich with reedy lines for Chinese winds, delicately whining modal harmonies on the strings, rattling cymbals and clanking chimes. A drum master, Chen Zhijie, played the “southern” drum, a small kettledrum whose pitch is controlled by the drummer’s foot. By bending his left leg and placing his foot on the top of the knee-high drum, Mr. Chen could adjust the tension of the skin to produce sputtering volleys of pitched rhythmic riffs. He must also be a master of leg stretches at the gym.</p>\n<p>In “Ruolan’s Journey” a lone marionette is elegantly costumed as a determined wife searching for the husband who has abandoned her and gone to the city, where he has befriended misfits and chased women. Sometimes the wife walks with quick steps, her feet hidden, her dress rustling as she moves. In moments of despair she moves in slow, heavy, aching strides. But only when, with shame, she thinks of her mother does she weep about her bitter fate.</p>\n<p>Also unforgettable was the Skeleton Enchantress, who attempts to ensnare a Buddhist master and his disciples by appearing in human guises but is outwitted by the resourceful Monkey King. As an encore one puppeteer presented “Taming the Monkey,” in which a furry marionette in a circus costume appeared, carrying a heavy trunk on his back. Compelled to perform tricks by his master, the monkey puts on a human clown mask and dances; pulls a Spanish guitar out of the trunk and plays; rides a bicycle in circles, sometimes with no hands; and more.</p>\n<p>Over 21 days Ancient Paths, Modern Voices will present some 30 programs by Chinese and American ensembles, orchestras and artists of all kinds. The tradeoff for this rich diversity is that many ensembles are performing just once, including sadly the Quanzhou Marionette Theater.</p>\n<p>Original article on : http://www.nytimes.com/2009/10/23/arts/music/23marionette.html?ref=arts</p>\n<p>Ancient Paths, Modern Voices continues on Friday and Saturday with two programs of traditional music curated by the pipa player Wu Man in Zankel Hall; (212) 247-7800, carnegiehall.org.</p>', '0', '0', 1);
INSERT INTO `article_lang` (`id_article`, `lang`, `url`, `link`, `title`, `subtitle`, `meta_title`, `summary`, `content`, `meta_keywords`, `meta_description`, `online`) VALUES(30, 'fr', 'song-of-the-monk', '', '', '', '', NULL, '', NULL, NULL, 0);
INSERT INTO `article_lang` (`id_article`, `lang`, `url`, `link`, `title`, `subtitle`, `meta_title`, `summary`, `content`, `meta_keywords`, `meta_description`, `online`) VALUES(31, 'en', 'ionize-introduction', '', 'Ionize introduction', '', '', NULL, '<p>Ionize is a <a href="http://www.codeigniter.com">CodeIgniter</a> based CMS (Content Management System) based on PHP.</p>\n<p>Ionize is based on a simple data organization: <strong>"Every content is an article".</strong></p>\n<h3>Languages</h3>\n<p>At the top of data structure, languages.</p>\n<p>Everything can be translated, from dynamic database stored data to "static" elements directly displayed in templates (such as company footers adress).</p>\n<h3>Pages</h3>\n<p>Pages organize the content. They are used to build the navigation.</p>\n<p>Pages can be nested, to create a multi-level navigation.</p>\n<h3>Articles</h3>\n<p>Articles contains the textual content. An article can be a simple one or a blog post, depending on the way it is displayed.</p>\n<h3>Media</h3>\n<p>By media, we mean pictures, videos, files, music, everything which can be linked to an article.</p>\n<p>They are 2 ways to link a medi to an article :</p>\n<ul>\n<li><strong>Inline linking</strong> : That means a picture, for example, can be put directly into the article content, between two paragrph for example. In that case, the editor is responsible of the picture size. That means the editor has to take care the media size will not goes out from the website design.</li>\n<li><strong>Linking </strong>: A media linked to an article will be displayed as the "view" (the page or article template) has to display it. In that case, the editor don''t care about the media size or position,he just select an article view (picture diaporama for example) and the website will display the linked pictures in a correct way.</li>\n</ul>', NULL, NULL, 1);
INSERT INTO `article_lang` (`id_article`, `lang`, `url`, `link`, `title`, `subtitle`, `meta_title`, `summary`, `content`, `meta_keywords`, `meta_description`, `online`) VALUES(31, 'fr', 'ionize-introduction', '', 'Introduction à Ionize', '', '', NULL, '<p>Ionize est un CMS (Content Management System) basé sur <a href="http://www.codeigniter.com" target="_blank">CodeIgniter</a>.</p>\n<p>Ionize part d''un postulat simple : <strong>"Tout est article"</strong>.</p>\n<h3>Languages</h3>\n<p>At the top of data structure, languages.</p>\n<p>Everything can be translated, from dynamic database stored data to "static" elements directly displayed in templates (such as company footers adress).</p>\n<h3>Pages</h3>\n<p>Pages organize the content. They are used to build the navigation.</p>\n<p>Pages can be nested, to create a multi-level navigation.</p>\n<h3>Articles</h3>\n<p>Articles contains the textual content. An article can be a simple one or a blog post, depending on the way it is displayed.</p>\n<h3>Media</h3>\n<p>By media, we mean pictures, videos, files, music, everything which can be linked to an article.</p>\n<p>They are 2 ways to link a medi to an article :</p>\n<ul>\n<li><strong>Inline linking</strong> : That means a picture, for example, can be put directly into the article content, between two paragraph for example. In that case, the editor is responsible of the picture size. That means the editor has to take care the media size will not goes out from the website design.</li>\n<li><strong>Linking </strong>: A media linked to an article will be displayed as the "view" (the page or article template) has to display it. In that case, the editor don''t care about the media size or position,he just select an article view (picture diaporama for example) and the website will display the linked pictures in a correct way.</li>\n</ul>\n<p>Media can be linked to a page or an article.</p>\n<h3>Views</h3>\n<p>Views are template for displaying data. Powered by a tag language, templates are easy to create and to manage.</p>', NULL, NULL, 1);
INSERT INTO `article_lang` (`id_article`, `lang`, `url`, `link`, `title`, `subtitle`, `meta_title`, `summary`, `content`, `meta_keywords`, `meta_description`, `online`) VALUES(32, 'en', 'userguide-intro', '', 'Userguide', '', '', NULL, '<p>Lorem ipsum dolor sit amet, consectetur adipisicing elit, sed do eiusmod tempor incididunt ut labore et dolore magna aliqua.</p><p>Ut enim ad minim veniam, quis nostrud exercitation ullamco laboris nisi ut aliquip ex ea commodo consequat. Duis aute irure dolor in reprehenderit in voluptate velit esse cillum dolore eu fugiat nulla pariatur. Excepteur sint occaecat cupidatat non proident, sunt in culpa qui officia deserunt mollit anim id est laborum.</p><p>Sed ut perspiciatis unde omnis iste natus error sit voluptatem accusantium doloremque laudantium, totam rem aperiam, eaque ipsa quae ab illo inventore veritatis et quasi architecto beatae vitae dicta sunt explicabo.</p><p>Nemo enim ipsam voluptatem quia voluptas sit aspernatur aut odit aut fugit, sed quia consequuntur magni dolores eos qui ratione voluptatem sequi nesciunt. Neque porro quisquam est, qui dolorem ipsum quia dolor sit amet, consectetur, adipisci velit, sed quia non numquam eius modi tempora incidunt ut labore et dolore magnam aliquam quaerat voluptatem.</p><p>Ut enim ad minima veniam, quis nostrum exercitationem ullam corporis suscipit laboriosam, nisi ut aliquid ex ea commodi consequatur? Quis autem vel eum iure reprehenderit qui in ea voluptate velit esse quam nihil molestiae consequatur, vel illum qui dolorem eum fugiat quo voluptas nulla pariatur?</p>', NULL, NULL, 1);
INSERT INTO `article_lang` (`id_article`, `lang`, `url`, `link`, `title`, `subtitle`, `meta_title`, `summary`, `content`, `meta_keywords`, `meta_description`, `online`) VALUES(32, 'fr', 'userguide-intro', '', 'Guide Utilisateur', '', '', NULL, '<p>Lorem ipsum dolor sit amet, consectetur adipisicing elit, sed do eiusmod tempor incididunt ut labore et dolore magna aliqua.</p><p>Ut enim ad minim veniam, quis nostrud exercitation ullamco laboris nisi ut aliquip ex ea commodo consequat. Duis aute irure dolor in reprehenderit in voluptate velit esse cillum dolore eu fugiat nulla pariatur. Excepteur sint occaecat cupidatat non proident, sunt in culpa qui officia deserunt mollit anim id est laborum.</p><p>Sed ut perspiciatis unde omnis iste natus error sit voluptatem accusantium doloremque laudantium, totam rem aperiam, eaque ipsa quae ab illo inventore veritatis et quasi architecto beatae vitae dicta sunt explicabo.</p><p>Nemo enim ipsam voluptatem quia voluptas sit aspernatur aut odit aut fugit, sed quia consequuntur magni dolores eos qui ratione voluptatem sequi nesciunt. Neque porro quisquam est, qui dolorem ipsum quia dolor sit amet, consectetur, adipisci velit, sed quia non numquam eius modi tempora incidunt ut labore et dolore magnam aliquam quaerat voluptatem.</p><p>Ut enim ad minima veniam, quis nostrum exercitationem ullam corporis suscipit laboriosam, nisi ut aliquid ex ea commodi consequatur? Quis autem vel eum iure reprehenderit qui in ea voluptate velit esse quam nihil molestiae consequatur, vel illum qui dolorem eum fugiat quo voluptas nulla pariatur?</p>', NULL, NULL, 1);
INSERT INTO `article_lang` (`id_article`, `lang`, `url`, `link`, `title`, `subtitle`, `meta_title`, `summary`, `content`, `meta_keywords`, `meta_description`, `online`) VALUES(33, 'en', 'technical-guide', '', 'Technical guide', '', '', NULL, '<p>Lorem ipsum dolor sit amet, consectetur adipisicing elit, sed do eiusmod tempor incididunt ut labore et dolore magna aliqua.</p><p>Ut enim ad minim veniam, quis nostrud exercitation ullamco laboris nisi ut aliquip ex ea commodo consequat. Duis aute irure dolor in reprehenderit in voluptate velit esse cillum dolore eu fugiat nulla pariatur. Excepteur sint occaecat cupidatat non proident, sunt in culpa qui officia deserunt mollit anim id est laborum.</p><p>Sed ut perspiciatis unde omnis iste natus error sit voluptatem accusantium doloremque laudantium, totam rem aperiam, eaque ipsa quae ab illo inventore veritatis et quasi architecto beatae vitae dicta sunt explicabo.</p><p>Nemo enim ipsam voluptatem quia voluptas sit aspernatur aut odit aut fugit, sed quia consequuntur magni dolores eos qui ratione voluptatem sequi nesciunt. Neque porro quisquam est, qui dolorem ipsum quia dolor sit amet, consectetur, adipisci velit, sed quia non numquam eius modi tempora incidunt ut labore et dolore magnam aliquam quaerat voluptatem.</p><p>Ut enim ad minima veniam, quis nostrum exercitationem ullam corporis suscipit laboriosam, nisi ut aliquid ex ea commodi consequatur? Quis autem vel eum iure reprehenderit qui in ea voluptate velit esse quam nihil molestiae consequatur, vel illum qui dolorem eum fugiat quo voluptas nulla pariatur?</p>', NULL, NULL, 1);
INSERT INTO `article_lang` (`id_article`, `lang`, `url`, `link`, `title`, `subtitle`, `meta_title`, `summary`, `content`, `meta_keywords`, `meta_description`, `online`) VALUES(33, 'fr', 'technical-guide', '', 'Guide technique', '', '', NULL, '<p>Lorem ipsum dolor sit amet, consectetur adipisicing elit, sed do eiusmod tempor incididunt ut labore et dolore magna aliqua.</p><p>Ut enim ad minim veniam, quis nostrud exercitation ullamco laboris nisi ut aliquip ex ea commodo consequat. Duis aute irure dolor in reprehenderit in voluptate velit esse cillum dolore eu fugiat nulla pariatur. Excepteur sint occaecat cupidatat non proident, sunt in culpa qui officia deserunt mollit anim id est laborum.</p><p>Sed ut perspiciatis unde omnis iste natus error sit voluptatem accusantium doloremque laudantium, totam rem aperiam, eaque ipsa quae ab illo inventore veritatis et quasi architecto beatae vitae dicta sunt explicabo.</p><p>Nemo enim ipsam voluptatem quia voluptas sit aspernatur aut odit aut fugit, sed quia consequuntur magni dolores eos qui ratione voluptatem sequi nesciunt. Neque porro quisquam est, qui dolorem ipsum quia dolor sit amet, consectetur, adipisci velit, sed quia non numquam eius modi tempora incidunt ut labore et dolore magnam aliquam quaerat voluptatem.</p><p>Ut enim ad minima veniam, quis nostrum exercitationem ullam corporis suscipit laboriosam, nisi ut aliquid ex ea commodi consequatur? Quis autem vel eum iure reprehenderit qui in ea voluptate velit esse quam nihil molestiae consequatur, vel illum qui dolorem eum fugiat quo voluptas nulla pariatur?</p>', NULL, NULL, 1);
INSERT INTO `article_lang` (`id_article`, `lang`, `url`, `link`, `title`, `subtitle`, `meta_title`, `summary`, `content`, `meta_keywords`, `meta_description`, `online`) VALUES(34, 'en', '404', '', '404', '', '', NULL, '<p>Content not found...</p>', NULL, NULL, 1);
INSERT INTO `article_lang` (`id_article`, `lang`, `url`, `link`, `title`, `subtitle`, `meta_title`, `summary`, `content`, `meta_keywords`, `meta_description`, `online`) VALUES(34, 'fr', '404', '', '404', '', '', NULL, '<p>Contenu non trouvé</p>', NULL, NULL, 1);
INSERT INTO `article_lang` (`id_article`, `lang`, `url`, `link`, `title`, `subtitle`, `meta_title`, `summary`, `content`, `meta_keywords`, `meta_description`, `online`) VALUES(35, 'en', 'search-on-the-website', '', 'Search on the website', '', '', NULL, '<p>This is the Search module example...</p>', NULL, NULL, 1);
INSERT INTO `article_lang` (`id_article`, `lang`, `url`, `link`, `title`, `subtitle`, `meta_title`, `summary`, `content`, `meta_keywords`, `meta_description`, `online`) VALUES(35, 'fr', 'chercher-sur-le-site', '', 'Chercher sur le site', '', '', NULL, '', NULL, NULL, 1);
INSERT INTO `article_lang` (`id_article`, `lang`, `url`, `link`, `title`, `subtitle`, `meta_title`, `summary`, `content`, `meta_keywords`, `meta_description`, `online`) VALUES(36, 'en', 'game-over-project', '', 'Game Over Project', '', '', NULL, '<p>GAME OVER is one of the art projects developed by the French-Swiss artist Guillaume REYMOND (NOTsoNOISY  creative agency).<br />It consists of a series of collaborative animation movies which revive some of the very first video games.</p>\n<p>The pixels are replaced by a group of real human-beings that are moving from seat to seat in a theatre during about 4 to 6 hours. Each "pixel" has its own rules and decides what s/he wants to do for each picture. <br />Once all these pictures are turned into a short animation movie, a giant human-scale video game unfolds "live".</p>', NULL, NULL, 1);
INSERT INTO `article_lang` (`id_article`, `lang`, `url`, `link`, `title`, `subtitle`, `meta_title`, `summary`, `content`, `meta_keywords`, `meta_description`, `online`) VALUES(36, 'fr', 'projet-game-over', '', 'Projet Game Over', '', '', NULL, '<p>GAME OVER est l''un des projets artistiques développés par l''artiste franco-suisse Guillaume REYMOND (Atelier de création NOTsoNOISY). <br />Il consiste en une série de films d''animation collaboratifs réinterprétant quelques-uns des tout premiers jeux vidéo.</p>\n<p>Les pixels sont remplacés par un groupe d''humains (de 7 à 100 personnes) qui se déplacent de siège en siège dans une salle de spectacle, durant environs 4 à 6 heures. <br />Chaque "pixel" a ses propres règles et décide comment il/elle doit se déplacer image après image. Une fois toutes ces images mises en mouvement dans un court-métrage d''animation, se déroule une gigantesque partie de jeu vidéo à échelle humaine.</p>', NULL, NULL, 1);
INSERT INTO `article_lang` (`id_article`, `lang`, `url`, `link`, `title`, `subtitle`, `meta_title`, `summary`, `content`, `meta_keywords`, `meta_description`, `online`) VALUES(37, 'en', 'les-enceintes-magiques-de-david-murray', '', '', '', '', NULL, '', NULL, NULL, 1);
INSERT INTO `article_lang` (`id_article`, `lang`, `url`, `link`, `title`, `subtitle`, `meta_title`, `summary`, `content`, `meta_keywords`, `meta_description`, `online`) VALUES(37, 'fr', 'les-enceintes-magiques-de-david-murray', '', 'Les enceintes magiques de David Murray', '', '', NULL, '<p>David Murray est un grand du saxophone ténor. <br />L''artiste me fait l''effet d''un chaînon manquant entre John Coltrane et <a href="http://fr.wikipedia.org/wiki/Albert_Ayler">Albert Ayler</a>. Il n''aurait pas existé sans eux.</p>\n<p>Sa personnalité musicale indéniable culmine la scène depuis la fin des années 70.  Point d''orgue: le phénoménal <em>3D Family</em>, un Live à Willisau de 1978 <a href="http://www.dmute.net/chronique-album-22648_-_David-Murray_-_3D-Family.html">(HAT HUT Records)</a> : quatre faces  de bravoure catapultées par le batteur Andrew Cyrille,  qui remplaça Sunny Murray, (ce dernier avait dépensé les sous du billet  d''avion pour la Suisse).</p>\n<p>Quatre faces qui font péter les  enceintes.Singulièrement (autre paradoxe du saxophoniste californien qui  sonne comme un New-Yorkais), Murray a engendré peu d''imitateurs.  Surprenant? Essayez de reproduire la sonorité «<em>dirty</em>», les  suraigus grinçants, la technique ahurissante de sauts d''intervalles, le  grand écart entre la tradition et le Free jazz le plus expressionniste,  et enfin les voyages super-véloces en dehors des gammes!</p>\n<p>L''article original sur : <a href="http://jazz.blogs.liberation.fr/pfeiffer/2010/09/les-enceintes-magiques-de-david-murray.html" target="_blank">http://jazz.blogs.liberation.fr/pfeiffer/</a></p>', NULL, NULL, 1);

-- 
-- Article_media
-- 
TRUNCATE `article_media`;
INSERT INTO `article_media` (`id_article`, `id_media`, `ordering`, `url`) VALUES(4, 6, 1, NULL);
INSERT INTO `article_media` (`id_article`, `id_media`, `ordering`, `url`) VALUES(4, 7, 1, NULL);
INSERT INTO `article_media` (`id_article`, `id_media`, `ordering`, `url`) VALUES(4, 8, 2, NULL);
INSERT INTO `article_media` (`id_article`, `id_media`, `ordering`, `url`) VALUES(4, 10, 1, NULL);
INSERT INTO `article_media` (`id_article`, `id_media`, `ordering`, `url`) VALUES(4, 21, 2, NULL);
INSERT INTO `article_media` (`id_article`, `id_media`, `ordering`, `url`) VALUES(4, 29, 3, NULL);
INSERT INTO `article_media` (`id_article`, `id_media`, `ordering`, `url`) VALUES(26, 29, 3, NULL);
INSERT INTO `article_media` (`id_article`, `id_media`, `ordering`, `url`) VALUES(26, 31, 2, NULL);
INSERT INTO `article_media` (`id_article`, `id_media`, `ordering`, `url`) VALUES(27, 22, 1, NULL);
INSERT INTO `article_media` (`id_article`, `id_media`, `ordering`, `url`) VALUES(27, 24, 3, NULL);
INSERT INTO `article_media` (`id_article`, `id_media`, `ordering`, `url`) VALUES(28, 26, 1, NULL);
INSERT INTO `article_media` (`id_article`, `id_media`, `ordering`, `url`) VALUES(37, 32, 1, NULL);

-- 
-- Category
-- 
TRUNCATE `category`;
INSERT INTO `category` (`id_category`, `name`, `ordering`) VALUES(2, 'curious', 3);
INSERT INTO `category` (`id_category`, `name`, `ordering`) VALUES(3, 'contemporary-art', 4);
INSERT INTO `category` (`id_category`, `name`, `ordering`) VALUES(4, 'photo', 2);

-- 
-- Category_lang
-- 

TRUNCATE `category_lang`;
INSERT INTO `category_lang` (`id_category`, `lang`, `title`, `description`) VALUES(1, 'en', '', '');
INSERT INTO `category_lang` (`id_category`, `lang`, `title`, `description`) VALUES(2, 'en', 'Curiousity', '');
INSERT INTO `category_lang` (`id_category`, `lang`, `title`, `description`) VALUES(3, 'en', 'Contemporary Art', '');
INSERT INTO `category_lang` (`id_category`, `lang`, `title`, `description`) VALUES(4, 'en', 'Photography', '');
INSERT INTO `category_lang` (`id_category`, `lang`, `title`, `description`) VALUES(3, 'fr', 'Art contemporain', '');
INSERT INTO `category_lang` (`id_category`, `lang`, `title`, `description`) VALUES(2, 'fr', 'Curiosités', '');
INSERT INTO `category_lang` (`id_category`, `lang`, `title`, `description`) VALUES(4, 'fr', 'Photographie', '');


-- 
-- Media
-- 

TRUNCATE `media`;
INSERT INTO `media` (`id_media`, `type`, `file_name`, `path`, `base_path`, `copyright`, `date`, `link`) VALUES(4, 'picture', 'img_8409_mandalay_circulation.jpg', 'files/pictures/img_8409_mandalay_circulation.jpg', 'files/pictures/', NULL, '0000-00-00 00:00:00', '');
INSERT INTO `media` (`id_media`, `type`, `file_name`, `path`, `base_path`, `copyright`, `date`, `link`) VALUES(6, 'picture', 'img_8447_mandalay.jpg', 'files/pictures/img_8447_mandalay.jpg', 'files/pictures/', '', '0000-00-00 00:00:00', '');
INSERT INTO `media` (`id_media`, `type`, `file_name`, `path`, `base_path`, `copyright`, `date`, `link`) VALUES(19, 'picture', 'IMG_8643.jpg', 'files/pictures/IMG_8643.jpg', 'files/pictures/', '', '0000-00-00 00:00:00', '');
INSERT INTO `media` (`id_media`, `type`, `file_name`, `path`, `base_path`, `copyright`, `date`, `link`) VALUES(21, 'picture', 'img_8438_mandalay_taxi.jpg', 'files/pictures/img_8438_mandalay_taxi.jpg', 'files/pictures/', '', '0000-00-00 00:00:00', '');
INSERT INTO `media` (`id_media`, `type`, `file_name`, `path`, `base_path`, `copyright`, `date`, `link`) VALUES(22, 'picture', 'photo_original_82840.jpg', 'files/pictures/news/photo_original_82840.jpg', 'files/pictures/news/', NULL, '0000-00-00 00:00:00', '');
INSERT INTO `media` (`id_media`, `type`, `file_name`, `path`, `base_path`, `copyright`, `date`, `link`) VALUES(24, 'picture', 'photo_original_82844.jpg', 'files/pictures/news/photo_original_82844.jpg', 'files/pictures/news/', NULL, '0000-00-00 00:00:00', '');
INSERT INTO `media` (`id_media`, `type`, `file_name`, `path`, `base_path`, `copyright`, `date`, `link`) VALUES(26, 'picture', 'photo_original_85327.jpg', 'files/pictures/news/photo_original_85327.jpg', 'files/pictures/news/', '', '0000-00-00 00:00:00', '');
INSERT INTO `media` (`id_media`, `type`, `file_name`, `path`, `base_path`, `copyright`, `date`, `link`) VALUES(29, 'picture', 'photo_original_83916.jpg', 'files/pictures/news/photo_original_83916.jpg', 'files/pictures/news/', '', '0000-00-00 00:00:00', '');
INSERT INTO `media` (`id_media`, `type`, `file_name`, `path`, `base_path`, `copyright`, `date`, `link`) VALUES(31, 'picture', 'photo_original_83917.jpg', 'files/pictures/news/photo_original_83917.jpg', 'files/pictures/news/', NULL, '0000-00-00 00:00:00', '');
INSERT INTO `media` (`id_media`, `type`, `file_name`, `path`, `base_path`, `copyright`, `date`, `link`) VALUES(32, 'picture', '6a010536670fb1970c0133f3ea4b5b970b-300wi.jpg', 'files/pictures/news/6a010536670fb1970c0133f3ea4b5b970b-300wi.jpg', 'files/pictures/news/', NULL, '0000-00-00 00:00:00', NULL);

-- 
-- Media_lang
-- 

TRUNCATE `media_lang`;
INSERT INTO `media_lang` (`lang`, `id_media`, `title`, `alt`, `description`) VALUES('en', 6, 'Mandalay, Burma | 2007', 'Mandalay, Burma | 2007', '');
INSERT INTO `media_lang` (`lang`, `id_media`, `title`, `alt`, `description`) VALUES('fr', 6, 'Mandalay, Birmanie | 2007', 'Mandalay, Birmanie | 2007', 'Burma documentary, 2007');
INSERT INTO `media_lang` (`lang`, `id_media`, `title`, `alt`, `description`) VALUES('en', 19, 'Monywa wall painting, Burma | 2007', 'Monywa wall painting, Burma | 2007', '');
INSERT INTO `media_lang` (`lang`, `id_media`, `title`, `alt`, `description`) VALUES('fr', 19, 'Monywa wall painting, Birmanie | 2007', 'Monywa wall painting, Birmanie | 2007', '');
INSERT INTO `media_lang` (`lang`, `id_media`, `title`, `alt`, `description`) VALUES('en', 21, 'Taxi in Mandalay, Burma | 2007', 'Taxi in Mandalay, Burma | 2007', '');
INSERT INTO `media_lang` (`lang`, `id_media`, `title`, `alt`, `description`) VALUES('fr', 21, 'Taxi in Mandalay, Birmanie | 2007', 'Taxi in Mandalay, Birmanie | 2007', 'Burma documentary, 2007');
INSERT INTO `media_lang` (`lang`, `id_media`, `title`, `alt`, `description`) VALUES('en', 26, '', '', '');
INSERT INTO `media_lang` (`lang`, `id_media`, `title`, `alt`, `description`) VALUES('fr', 26, 'Ragnar Kjartansson - Performance sketches, 2009', 'Ragnar Kjartansson - Performance sketches, 2009', '');


-- 
-- Menu
-- 
TRUNCATE `menu`;
INSERT INTO `menu` (`id_menu`, `name`, `title`, `ordering`) VALUES(1, 'main', 'Main menu', NULL);
INSERT INTO `menu` (`id_menu`, `name`, `title`, `ordering`) VALUES(2, 'system', 'System menu', NULL);
INSERT INTO `menu` (`id_menu`, `name`, `title`, `ordering`) VALUES(3, 'usermenu', 'User menu', NULL);


-- 
-- Page
-- 

TRUNCATE `page`;
INSERT INTO `page` (`id_page`, `id_parent`, `id_menu`, `name`, `ordering`, `level`, `online`, `home`, `author`, `updater`, `created`, `publish_on`, `publish_off`, `updated`, `appears`, `view`, `article_list_view`, `article_view`, `article_order`, `article_order_direction`, `link`, `link_type`, `link_id`, `pagination`, `pagination_nb`, `id_group`) VALUES(1, 0, 1, 'welcome', 1, 0, 1, 1, '', 'michelange', '0000-00-00 00:00:00', '0000-00-00 00:00:00', '0000-00-00 00:00:00', '2010-09-07 22:21:59', 1, 'pages/page_home', '0', 'default/article', '', '', '', '', 0, 0, 0, 0);
INSERT INTO `page` (`id_page`, `id_parent`, `id_menu`, `name`, `ordering`, `level`, `online`, `home`, `author`, `updater`, `created`, `publish_on`, `publish_off`, `updated`, `appears`, `view`, `article_list_view`, `article_view`, `article_order`, `article_order_direction`, `link`, `link_type`, `link_id`, `pagination`, `pagination_nb`, `id_group`) VALUES(2, 0, 1, 'about', 2, 0, 1, 0, '', 'michelange', '0000-00-00 00:00:00', '0000-00-00 00:00:00', '0000-00-00 00:00:00', '2010-12-08 18:18:17', 1, 'default/page', '', '', '', '', '', '', 0, 0, 0, 0);
INSERT INTO `page` (`id_page`, `id_parent`, `id_menu`, `name`, `ordering`, `level`, `online`, `home`, `author`, `updater`, `created`, `publish_on`, `publish_off`, `updated`, `appears`, `view`, `article_list_view`, `article_view`, `article_order`, `article_order_direction`, `link`, `link_type`, `link_id`, `pagination`, `pagination_nb`, `id_group`) VALUES(3, 0, 1, 'actualite', 3, 0, 1, 0, '', 'michelange', '0000-00-00 00:00:00', '0000-00-00 00:00:00', '0000-00-00 00:00:00', '2010-09-11 16:54:08', 1, 'pages/page_blog', 'articles/article_blog_list', 'articles/article_blog', '', '', '', '', 0, 2, 0, 0);
INSERT INTO `page` (`id_page`, `id_parent`, `id_menu`, `name`, `ordering`, `level`, `online`, `home`, `author`, `updater`, `created`, `publish_on`, `publish_off`, `updated`, `appears`, `view`, `article_list_view`, `article_view`, `article_order`, `article_order_direction`, `link`, `link_type`, `link_id`, `pagination`, `pagination_nb`, `id_group`) VALUES(4, 2, 1, 'userguide', 4, 1, 1, 0, '', '', '0000-00-00 00:00:00', '0000-00-00 00:00:00', '0000-00-00 00:00:00', '2010-03-14 20:57:30', 1, 'default/page', '0', 'default/article', '', '', '', '', 0, 0, 0, 0);
INSERT INTO `page` (`id_page`, `id_parent`, `id_menu`, `name`, `ordering`, `level`, `online`, `home`, `author`, `updater`, `created`, `publish_on`, `publish_off`, `updated`, `appears`, `view`, `article_list_view`, `article_view`, `article_order`, `article_order_direction`, `link`, `link_type`, `link_id`, `pagination`, `pagination_nb`, `id_group`) VALUES(5, 2, 1, 'technical-guide', 5, 1, 1, 0, '', '', '0000-00-00 00:00:00', '0000-00-00 00:00:00', '0000-00-00 00:00:00', '2010-03-14 20:58:17', 1, 'default/page', '0', 'default/article', '', '', '', '', 0, 0, 0, 0);
INSERT INTO `page` (`id_page`, `id_parent`, `id_menu`, `name`, `ordering`, `level`, `online`, `home`, `author`, `updater`, `created`, `publish_on`, `publish_off`, `updated`, `appears`, `view`, `article_list_view`, `article_view`, `article_order`, `article_order_direction`, `link`, `link_type`, `link_id`, `pagination`, `pagination_nb`, `id_group`) VALUES(6, 0, 2, '404', 1, 0, 1, 0, '', 'michelange', '2010-09-07 16:29:57', '0000-00-00 00:00:00', '0000-00-00 00:00:00', '2010-12-08 18:18:56', 1, 'default/page', '', '', '', '', '', '', 0, 0, 0, 0);
INSERT INTO `page` (`id_page`, `id_parent`, `id_menu`, `name`, `ordering`, `level`, `online`, `home`, `author`, `updater`, `created`, `publish_on`, `publish_off`, `updated`, `appears`, `view`, `article_list_view`, `article_view`, `article_order`, `article_order_direction`, `link`, `link_type`, `link_id`, `pagination`, `pagination_nb`, `id_group`) VALUES(7, 0, 3, 'une-page-utilisateur', 1, 0, 1, 0, 'michelange', '', '2010-09-11 17:56:56', '0000-00-00 00:00:00', '0000-00-00 00:00:00', '0000-00-00 00:00:00', 1, '0', '', '', '', '', '', '', 0, 0, 0, 0);


--
-- Page_article
--

TRUNCATE `page_article`;
INSERT INTO `page_article` (`id_page`, `id_article`, `online`, `view`, `ordering`, `id_type`) VALUES(1, 4, 1, '0', 1, NULL);
INSERT INTO `page_article` (`id_page`, `id_article`, `online`, `view`, `ordering`, `id_type`) VALUES(1, 35, 1, 'articles/article_search_integrated_mode', 2, 0);
INSERT INTO `page_article` (`id_page`, `id_article`, `online`, `view`, `ordering`, `id_type`) VALUES(2, 31, 1, 'default/article', 1, 0);
INSERT INTO `page_article` (`id_page`, `id_article`, `online`, `view`, `ordering`, `id_type`) VALUES(3, 26, 1, 'articles/article_blog', 7, 0);
INSERT INTO `page_article` (`id_page`, `id_article`, `online`, `view`, `ordering`, `id_type`) VALUES(3, 27, 1, 'articles/article_blog', 6, NULL);
INSERT INTO `page_article` (`id_page`, `id_article`, `online`, `view`, `ordering`, `id_type`) VALUES(3, 28, 1, '0', 5, 0);
INSERT INTO `page_article` (`id_page`, `id_article`, `online`, `view`, `ordering`, `id_type`) VALUES(3, 29, 1, 'articles/article_blog', 4, NULL);
INSERT INTO `page_article` (`id_page`, `id_article`, `online`, `view`, `ordering`, `id_type`) VALUES(3, 30, 1, 'default/article', 3, NULL);
INSERT INTO `page_article` (`id_page`, `id_article`, `online`, `view`, `ordering`, `id_type`) VALUES(3, 36, 1, '0', 2, 0);
INSERT INTO `page_article` (`id_page`, `id_article`, `online`, `view`, `ordering`, `id_type`) VALUES(3, 37, 1, '0', 1, 0);
INSERT INTO `page_article` (`id_page`, `id_article`, `online`, `view`, `ordering`, `id_type`) VALUES(4, 32, 1, '0', 1, NULL);
INSERT INTO `page_article` (`id_page`, `id_article`, `online`, `view`, `ordering`, `id_type`) VALUES(5, 33, 1, '0', 1, NULL);
INSERT INTO `page_article` (`id_page`, `id_article`, `online`, `view`, `ordering`, `id_type`) VALUES(6, 34, 1, 'default/article', 1, 0);


-- 
-- Page_lang
-- 
		
TRUNCATE `page_lang`;
INSERT INTO `page_lang` (`lang`, `id_page`, `url`, `link`, `title`, `subtitle`, `meta_title`, `meta_description`, `meta_keywords`, `online`) VALUES('en', 1, 'welcome', '', 'welcome', '', 'Welcome on Handmade, photo agency', '', '', 1);
INSERT INTO `page_lang` (`lang`, `id_page`, `url`, `link`, `title`, `subtitle`, `meta_title`, `meta_description`, `meta_keywords`, `online`) VALUES('fr', 1, 'accueil', '', 'accueil', '', 'Bienvenue sur Handmade, agence photo', '', '', 1);
INSERT INTO `page_lang` (`lang`, `id_page`, `url`, `link`, `title`, `subtitle`, `meta_title`, `meta_description`, `meta_keywords`, `online`) VALUES('en', 2, 'about', '', 'about', '', '', '', '', 1);
INSERT INTO `page_lang` (`lang`, `id_page`, `url`, `link`, `title`, `subtitle`, `meta_title`, `meta_description`, `meta_keywords`, `online`) VALUES('fr', 2, 'a-propos', '', 'à propos', '', '', '', '', 1);
INSERT INTO `page_lang` (`lang`, `id_page`, `url`, `link`, `title`, `subtitle`, `meta_title`, `meta_description`, `meta_keywords`, `online`) VALUES('en', 3, 'news', '', 'news', '', '', '', '', 1);
INSERT INTO `page_lang` (`lang`, `id_page`, `url`, `link`, `title`, `subtitle`, `meta_title`, `meta_description`, `meta_keywords`, `online`) VALUES('fr', 3, 'actualite', '', 'actualité', '', '', '', '', 1);
INSERT INTO `page_lang` (`lang`, `id_page`, `url`, `link`, `title`, `subtitle`, `meta_title`, `meta_description`, `meta_keywords`, `online`) VALUES('en', 4, 'userguide', '', 'Userguide', '', '', '', '', 1);
INSERT INTO `page_lang` (`lang`, `id_page`, `url`, `link`, `title`, `subtitle`, `meta_title`, `meta_description`, `meta_keywords`, `online`) VALUES('fr', 4, 'uide-utilisateur', '', 'Guide utilisateur', '', '', '', '', 1);
INSERT INTO `page_lang` (`lang`, `id_page`, `url`, `link`, `title`, `subtitle`, `meta_title`, `meta_description`, `meta_keywords`, `online`) VALUES('en', 5, 'technical-guide', '', 'Technical guide', '', '', '', '', 1);
INSERT INTO `page_lang` (`lang`, `id_page`, `url`, `link`, `title`, `subtitle`, `meta_title`, `meta_description`, `meta_keywords`, `online`) VALUES('fr', 5, 'guide-technique', '', 'Guide technique', '', '', '', '', 1);
INSERT INTO `page_lang` (`lang`, `id_page`, `url`, `link`, `title`, `subtitle`, `meta_title`, `meta_description`, `meta_keywords`, `online`) VALUES('en', 6, '404', '', '404', '', '', '', '', 1);
INSERT INTO `page_lang` (`lang`, `id_page`, `url`, `link`, `title`, `subtitle`, `meta_title`, `meta_description`, `meta_keywords`, `online`) VALUES('fr', 6, '404', '', '', '', '', '', '', 1);
INSERT INTO `page_lang` (`lang`, `id_page`, `url`, `link`, `title`, `subtitle`, `meta_title`, `meta_description`, `meta_keywords`, `online`) VALUES('en', 7, 'one-other-page', '', 'One other page', '', '', '', '', 1);
INSERT INTO `page_lang` (`lang`, `id_page`, `url`, `link`, `title`, `subtitle`, `meta_title`, `meta_description`, `meta_keywords`, `online`) VALUES('fr', 7, 'une-page-utilisateur', '', 'Une page utilisateur', '', '', '', '', 1);


-- 
-- Contenu de la table page_media
-- 

INSERT INTO `page_media` (`id_page`, `id_media`, `ordering`) VALUES(1, 6, 1);
INSERT INTO `page_media` (`id_page`, `id_media`, `ordering`) VALUES(1, 19, 3);
INSERT INTO `page_media` (`id_page`, `id_media`, `ordering`) VALUES(1, 21, 2);
INSERT INTO `page_media` (`id_page`, `id_media`, `ordering`) VALUES(2, 6, 1);
INSERT INTO `page_media` (`id_page`, `id_media`, `ordering`) VALUES(3, 26, 1);
INSERT INTO `page_media` (`id_page`, `id_media`, `ordering`) VALUES(4, 6, 1);
INSERT INTO `page_media` (`id_page`, `id_media`, `ordering`) VALUES(5, 6, 1);
